{"cameraMode":{"drawMode":0,"name":"Shaded","section":"Shading Mode"},"sceneLighting":false,"audioPlay":false,"sceneViewState":{"showFog":true,"showMaterialUpdate":false,"showSkybox":false,"showFlares":true,"showImageEffects":true,"showParticleSystems":true},"in2DMode":false,"pivot":{"x":-3.5302999019622804,"y":-4.647634029388428,"z":-0.15239469707012177},"rotation":{"x":0.031809814274311069,"y":0.9635739922523499,"z":-0.229996457695961,"w":0.13320817053318025},"size":18.634075164794923,"orthographic":false}