{"cameraMode":{"drawMode":0,"name":"Shaded","section":"Shading Mode"},"sceneLighting":true,"audioPlay":false,"sceneViewState":{"showFog":true,"showMaterialUpdate":false,"showSkybox":true,"showFlares":true,"showImageEffects":true,"showParticleSystems":true},"in2DMode":false,"pivot":{"x":624.4906005859375,"y":172.15402221679688,"z":-44.76275634765625},"rotation":{"x":0.031070755794644357,"y":0.08594924211502075,"z":0.002680525416508317,"w":-0.9958247542381287},"size":671.10400390625,"orthographic":false}