{"cameraMode":{"drawMode":0,"name":"Shaded","section":"Shading Mode"},"sceneLighting":false,"audioPlay":false,"sceneViewState":{"showFog":true,"showMaterialUpdate":false,"showSkybox":false,"showFlares":true,"showImageEffects":true,"showParticleSystems":true},"in2DMode":false,"pivot":{"x":1.0765986442565919,"y":1.0361995697021485,"z":-0.752617359161377},"rotation":{"x":-0.014839444309473038,"y":-0.7601278424263,"z":0.01731867715716362,"w":-0.6495023369789124},"size":0.3954787850379944,"orthographic":false}