{"cameraMode":{"drawMode":0,"name":"Shaded","section":"Shading Mode"},"sceneLighting":true,"audioPlay":false,"sceneViewState":{"showFog":true,"showMaterialUpdate":false,"showSkybox":true,"showFlares":true,"showImageEffects":true,"showParticleSystems":true},"in2DMode":false,"pivot":{"x":1.058726191520691,"y":0.9867110252380371,"z":3.3905324935913088},"rotation":{"x":0.005715171806514263,"y":0.31408825516700747,"z":0.001800501486286521,"w":-0.9494508504867554},"size":6.312180995941162,"orthographic":false}