{"cameraMode":{"drawMode":0,"name":"Shaded","section":"Shading Mode"},"sceneLighting":true,"audioPlay":false,"sceneViewState":{"showFog":true,"showMaterialUpdate":false,"showSkybox":true,"showFlares":true,"showImageEffects":true,"showParticleSystems":true},"in2DMode":false,"pivot":{"x":830.5047607421875,"y":441.4273681640625,"z":485.13427734375},"rotation":{"x":0.1744605451822281,"y":0.040455058217048648,"z":0.007076260633766651,"w":-0.9838789701461792},"size":2333.452392578125,"orthographic":false}