{"cameraMode":{"drawMode":0,"name":"Shaded","section":"Shading Mode"},"sceneLighting":false,"audioPlay":false,"sceneViewState":{"showFog":true,"showMaterialUpdate":false,"showSkybox":false,"showFlares":true,"showImageEffects":true,"showParticleSystems":true},"in2DMode":false,"pivot":{"x":1.4663223028182984,"y":0.6414967775344849,"z":1.5838652849197388},"rotation":{"x":0.08864278346300125,"y":0.03498097509145737,"z":-0.0031072143465280535,"w":0.9955262541770935},"size":2.6428420543670656,"orthographic":false}