{"cameraMode":{"drawMode":0,"name":"Shaded","section":"Shading Mode"},"sceneLighting":true,"audioPlay":false,"sceneViewState":{"showFog":true,"showMaterialUpdate":false,"showSkybox":true,"showFlares":true,"showImageEffects":true,"showParticleSystems":true},"in2DMode":false,"pivot":{"x":1.0019690990447999,"y":-4.510106563568115,"z":25.14759635925293},"rotation":{"x":-0.12326351553201676,"y":-0.02352118119597435,"z":0.0029193218797445299,"w":-0.9921115636825562},"size":23.44721221923828,"orthographic":false}